<?xml version="1.0" encoding="UTF-8"?>
<project-private xmlns="http://www.netbeans.org/ns/project-private/1">
    <editor-bookmarks xmlns="http://www.netbeans.org/ns/editor-bookmarks/2" lastBookmarkId="0"/>
    <open-files xmlns="http://www.netbeans.org/ns/projectui-open-files/2">
        <group>
            <file>file:/Users/GhostGirl/Documents/Docencia/UBB/620433/Code/AppColaboradoresS2/src/negocio/ErrorNegocio.java</file>
            <file>file:/Users/GhostGirl/Documents/Docencia/UBB/620433/Code/AppColaboradoresS2/src/negocio/ICodificable.java</file>
            <file>file:/Users/GhostGirl/Documents/Docencia/UBB/620433/Code/AppColaboradoresS2/src/negocio/ListaColaboradores.java</file>
            <file>file:/Users/GhostGirl/Documents/Docencia/UBB/620433/Code/AppColaboradoresS2/src/gui/FormColaborador.java</file>
            <file>file:/Users/GhostGirl/Documents/Docencia/UBB/620433/Code/AppColaboradoresS2/src/negocio/Colaborador.java</file>
        </group>
    </open-files>
</project-private>
