<?xml version="1.0" encoding="UTF-8"?>
<project-private xmlns="http://www.netbeans.org/ns/project-private/1">
    <editor-bookmarks xmlns="http://www.netbeans.org/ns/editor-bookmarks/2" lastBookmarkId="0"/>
    <open-files xmlns="http://www.netbeans.org/ns/projectui-open-files/2">
        <group>
            <file>file:/Users/GhostGirl/Documents/Docencia/UBB/620433/Code/LaboratoriosS1/src/herencia/Figura.java</file>
            <file>file:/Users/GhostGirl/Documents/Docencia/UBB/620433/Code/LaboratoriosS1/src/herencia/MainUsandoEquals.java</file>
            <file>file:/Users/GhostGirl/Documents/Docencia/UBB/620433/Code/LaboratoriosS1/src/herencia/Circulo.java</file>
        </group>
    </open-files>
</project-private>
